<?xml version="1.0" encoding="UTF-8"?>
<project-private xmlns="http://www.netbeans.org/ns/project-private/1">
    <editor-bookmarks xmlns="http://www.netbeans.org/ns/editor-bookmarks/2" lastBookmarkId="0"/>
    <open-files xmlns="http://www.netbeans.org/ns/projectui-open-files/2">
        <group>
            <file>file:/C:/Users/USER/Documents/application%20gestion%20des%20produits/gestion%20des%20produit/src/gestion/des/produit/StockForm.java</file>
            <file>file:/C:/Users/USER/Documents/application%20gestion%20des%20produits/gestion%20des%20produit/src/gestion/des/produit/GestionDesProduit.java</file>
            <file>file:/C:/Users/USER/Documents/application%20gestion%20des%20produits/gestion%20des%20produit/src/gestion/des/produit/AchatForm.java</file>
            <file>file:/C:/Users/USER/Documents/application%20gestion%20des%20produits/gestion%20des%20produit/src/gestion/des/produit/Main_frame.java</file>
            <file>file:/C:/Users/USER/Documents/application%20gestion%20des%20produits/gestion%20des%20produit/src/gestion/des/produit/DetailleVenteForm.java</file>
            <file>file:/C:/Users/USER/Documents/application%20gestion%20des%20produits/gestion%20des%20produit/src/gestion/des/produit/Forniseur_Client.java</file>
            <file>file:/C:/Users/USER/Documents/application%20gestion%20des%20produits/gestion%20des%20produit/src/gestion/des/produit/FactureForm.java</file>
            <file>file:/C:/Users/USER/Documents/application%20gestion%20des%20produits/gestion%20des%20produit/src/gestion/des/produit/InfoLoginChange.java</file>
            <file>file:/C:/Users/USER/Documents/application%20gestion%20des%20produits/gestion%20des%20produit/src/gestion/des/produit/Cartgrill_icon-icons.com_51191.png</file>
            <file>file:/C:/Users/USER/Documents/application%20gestion%20des%20produits/gestion%20des%20produit/src/gestion/des/produit/VenteForm.java</file>
            <file>file:/C:/Users/USER/Documents/application%20gestion%20des%20produits/gestion%20des%20produit/src/gestion/des/produit/dao/ConnectDB.java</file>
            <file>file:/C:/Users/USER/Documents/application%20gestion%20des%20produits/gestion%20des%20produit/src/gestion/des/produit/AppInfo.java</file>
            <file>file:/C:/Users/USER/Documents/application%20gestion%20des%20produits/gestion%20des%20produit/src/gestion/des/produit/Login.java</file>
        </group>
    </open-files>
</project-private>
